<?xml version="1.0" encoding="UTF-8"?>
<ti:app xmlns:ti="http://ti.appcelerator.org">
    <id>com.prashant.test</id>
    <name>Test</name>
    <version>1.0.0</version>
    <publisher>Prashant Saini</publisher>
    <url/>
    <description>undefined</description>
    <copyright>2019 by Prashant Saini</copyright>
    <icon>appicon.png</icon>
    <fullscreen>false</fullscreen>
    <navbar-hidden>false</navbar-hidden>
    <analytics>false</analytics>
    <guid>11111111-1111-1111-1111-111111111111</guid>
    <property name="ti.ui.defaultunit" type="string">dp</property>
    <property name="run-on-main-thread" type="bool">true</property>
    <ios>
        <enable-launch-screen-storyboard>true</enable-launch-screen-storyboard>
        <use-app-thinning>true</use-app-thinning>
        <plist>
            <dict>
                <key>UISupportedInterfaceOrientations~iphone</key>
                <array>
                    <string>UIInterfaceOrientationPortrait</string>
                </array>
                <key>UISupportedInterfaceOrientations~ipad</key>
                <array>
                    <string>UIInterfaceOrientationPortrait</string>
                    <string>UIInterfaceOrientationPortraitUpsideDown</string>
                    <string>UIInterfaceOrientationLandscapeLeft</string>
                    <string>UIInterfaceOrientationLandscapeRight</string>
                </array>
                <key>UIRequiresPersistentWiFi</key>
                <false/>
                <key>UIPrerenderedIcon</key>
                <false/>
                <key>UIStatusBarHidden</key>
                <false/>
                <key>UIStatusBarStyle</key>
                <string>UIStatusBarStyleDefault</string>
            </dict>
        </plist>
    </ios>
    <android xmlns:android="http://schemas.android.com/apk/res/android">
        <manifest android:versionCode="1" xmlns:android="http://schemas.android.com/apk/res/android">
            <uses-sdk android:minSdkVersion="21" android:targetSdkVersion="29" />
        </manifest>
    </android>
    <modules>
        <module platform="android">ti.cameraview</module>
        <module platform="android">org.iotashan.TiTouchImageView</module>
    </modules>
    <deployment-targets>
        <target device="android">true</target>
        <target device="ipad">true</target>
        <target device="iphone">true</target>
    </deployment-targets>
    <sdk-version>9.0.3.GA</sdk-version>
    <plugins>
        <plugin version="1.0">ti.alloy</plugin>
    </plugins>
</ti:app>
