<?xml version="1.0" encoding="UTF-8"?>
<ti:module xmlns:ti="http://ti.appcelerator.org" xmlns:android="http://schemas.android.com/apk/res/android">
	<!--
		Similar to tiapp.xml, but contains module/platform specific
		configuration in <iphone> and <android> sections
	-->
	<iphone>
	</iphone>
	<android xmlns:android="http://schemas.android.com/apk/res/android">
		<manifest>
			<uses-permission android:name="android.permission.CAMERA" />
			<uses-permission android:name="android.permission.RECORD_AUDIO"/>
			<uses-permission android:name="android.permission.FLASHLIGHT"/>

			<!-- Required only if your app needs to access images or photos that other apps created. -->
			<uses-permission android:name="android.permission.READ_MEDIA_IMAGES" />

			<!-- Required only if your app needs to access videos that other apps created. -->
			<uses-permission android:name="android.permission.READ_MEDIA_VIDEO" />

			<!-- Required only if your app needs to access audio files that other apps created. -->
			<uses-permission android:name="android.permission.READ_MEDIA_AUDIO" />
			<uses-permission android:name="android.permission.READ_EXTERNAL_STORAGE"/>
			<uses-permission android:name="android.permission.WRITE_EXTERNAL_STORAGE" android:maxSdkVersion="29" />
		</manifest>
	</android>
</ti:module>
