{"proxies":{"ti.cameraview.CameraViewProxy":{"superPackageName":"org.appcelerator.titanium.proxy","methods":{"createCameraView":{"runOnUiThread":false,"hasInvocation":false,"args":[],"apiName":"createCameraView","converter":"org.appcelerator.kroll.KrollConverter","defaultValueProvider":"org.appcelerator.kroll.KrollConverter","name":"__default_name__","returnType":"void"}},"superProxyBindingClassName":"org.appcelerator.titanium.proxy.TiViewProxyBindingGen","proxyClassName":"CameraViewProxy","proxyAttrs":{"propertyAccessors":["color"],"fullAPIName":"ticameraview.CameraView","name":"CameraView","proxyClassName":"ti.cameraview.CameraViewProxy","isTopLevel":false,"id":"ti.cameraview.CameraViewProxy","creatableInModule":"ti.cameraview.TicameraviewModule","parentModule":"org.appcelerator.kroll.annotations.Kroll.DEFAULT"},"packageName":"ti.cameraview","sourceName":"ti.cameraview.CameraViewProxyBindingGen","superProxyClassName":"TiViewProxy","isModule":false,"genClassName":"CameraViewProxyBindingGen"},"ti.cameraview.TicameraviewModule":{"superPackageName":"org.appcelerator.kroll","superProxyBindingClassName":"org.appcelerator.kroll.KrollModuleBindingGen","proxyClassName":"TicameraviewModule","proxyAttrs":{"propertyAccessors":[],"fullAPIName":"ticameraview","name":"ticameraview","proxyClassName":"ti.cameraview.TicameraviewModule","isTopLevel":false,"id":"ti.cameraview"},"packageName":"ti.cameraview","sourceName":"ti.cameraview.TicameraviewModuleBindingGen","superProxyClassName":"KrollModule","isModule":true,"genClassName":"TicameraviewModuleBindingGen","onAppCreate":"onAppCreate"}},"modules":{"ti.cameraview.TicameraviewModule":{"apiName":"ticameraview","createProxies":[{"propertyAccessors":["color"],"fullAPIName":"ticameraview.CameraView","name":"CameraView","proxyClassName":"ti.cameraview.CameraViewProxy","isTopLevel":false,"id":"ti.cameraview.CameraViewProxy","creatableInModule":"ti.cameraview.TicameraviewModule","parentModule":"org.appcelerator.kroll.annotations.Kroll.DEFAULT"}]}}}