{"proxies":{"ti.cameraview.CameraViewProxy":{"superPackageName":"org.appcelerator.titanium.proxy","methods":{"hasFlash":{"runOnUiThread":false,"hasInvocation":false,"args":[],"apiName":"hasFlash","converter":"org.appcelerator.kroll.KrollConverter","defaultValueProvider":"org.appcelerator.kroll.KrollConverter","name":"__default_name__","returnType":"boolean"},"createCameraView":{"runOnUiThread":false,"hasInvocation":false,"args":[],"apiName":"createCameraView","converter":"org.appcelerator.kroll.KrollConverter","defaultValueProvider":"org.appcelerator.kroll.KrollConverter","name":"__default_name__","returnType":"void"},"capturePhoto":{"runOnUiThread":false,"hasInvocation":false,"args":[{"converter":"org.appcelerator.kroll.KrollConverter","defaultValueProvider":"org.appcelerator.kroll.KrollConverter","name":"dict","sourceName":"dict","type":"org.appcelerator.kroll.KrollDict"}],"apiName":"capturePhoto","converter":"org.appcelerator.kroll.KrollConverter","defaultValueProvider":"org.appcelerator.kroll.KrollConverter","name":"__default_name__","returnType":"void"}},"superProxyBindingClassName":"org.appcelerator.titanium.proxy.TiViewProxyBindingGen","proxyClassName":"CameraViewProxy","proxyAttrs":{"propertyAccessors":["cameraId","torchMode","flashMode","aspectRatio","scaleType","focusMode","imageQuality","resumeAutoFocus","autoFocusResumeTime"],"fullAPIName":"ticameraview.CameraView","name":"CameraView","proxyClassName":"ti.cameraview.CameraViewProxy","isTopLevel":false,"id":"ti.cameraview.CameraViewProxy","creatableInModule":"ti.cameraview.TicameraviewModule","parentModule":"org.appcelerator.kroll.annotations.Kroll.DEFAULT"},"packageName":"ti.cameraview","sourceName":"ti.cameraview.CameraViewProxyBindingGen","superProxyClassName":"TiViewProxy","isModule":false,"genClassName":"CameraViewProxyBindingGen"},"ti.cameraview.TicameraviewModule":{"superPackageName":"org.appcelerator.kroll","dynamicProperties":{"cameraList":{"set":false,"nativeConverter":"org.appcelerator.kroll.KrollConverter","getMethodName":"getCameraList","converter":"org.appcelerator.kroll.KrollConverter","defaultValueProvider":"org.appcelerator.kroll.KrollConverter","javascriptConverter":"org.appcelerator.kroll.KrollConverter","getHasInvocation":false,"runOnUiThread":false,"getMethodArgs":[],"getReturnType":"java.lang.Object[]","get":true,"name":"cameraList","setHasInvocation":false,"getDefaultProviders":[]}},"superProxyBindingClassName":"org.appcelerator.kroll.KrollModuleBindingGen","proxyClassName":"TicameraviewModule","proxyAttrs":{"propertyAccessors":[],"fullAPIName":"ticameraview","name":"ticameraview","proxyClassName":"ti.cameraview.TicameraviewModule","isTopLevel":false,"id":"ti.cameraview"},"packageName":"ti.cameraview","sourceName":"ti.cameraview.TicameraviewModuleBindingGen","constants":{"FLASH_MODE_OFF":{"proxyName":"FLASH_MODE_OFF","name":"FLASH_MODE_OFF","type":"int","value":2},"FLASH_MODE_ON":{"proxyName":"FLASH_MODE_ON","name":"FLASH_MODE_ON","type":"int","value":1},"IMAGE_TYPE_FILE":{"proxyName":"IMAGE_TYPE_FILE","name":"IMAGE_TYPE_FILE","type":"java.lang.String","value":"image_type_file"},"IMAGE_QUALITY_NORMAL":{"proxyName":"IMAGE_QUALITY_NORMAL","name":"IMAGE_QUALITY_NORMAL","type":"int","value":1},"FLASH_MODE_AUTO":{"proxyName":"FLASH_MODE_AUTO","name":"FLASH_MODE_AUTO","type":"int","value":0},"FOCUS_MODE_AUTO":{"proxyName":"FOCUS_MODE_AUTO","name":"FOCUS_MODE_AUTO","type":"int","value":0},"FOCUS_MODE_TAP":{"proxyName":"FOCUS_MODE_TAP","name":"FOCUS_MODE_TAP","type":"int","value":1},"ASPECT_RATIO_16_9":{"proxyName":"ASPECT_RATIO_16_9","name":"ASPECT_RATIO_16_9","type":"int","value":1},"IMAGE_QUALITY_HIGH":{"proxyName":"IMAGE_QUALITY_HIGH","name":"IMAGE_QUALITY_HIGH","type":"int","value":0},"SCALE_TYPE_FILL_CENTER":{"proxyName":"SCALE_TYPE_FILL_CENTER","name":"SCALE_TYPE_FILL_CENTER","type":"int","value":1},"SCALE_TYPE_FIT_CENTER":{"proxyName":"SCALE_TYPE_FIT_CENTER","name":"SCALE_TYPE_FIT_CENTER","type":"int","value":4},"CAMERA_TYPE_BACK":{"proxyName":"CAMERA_TYPE_BACK","name":"CAMERA_TYPE_BACK","type":"java.lang.String","value":"CAMERA_TYPE_BACK"},"TORCH_MODE_OFF":{"proxyName":"TORCH_MODE_OFF","name":"TORCH_MODE_OFF","type":"int","value":0},"ASPECT_RATIO_4_3":{"proxyName":"ASPECT_RATIO_4_3","name":"ASPECT_RATIO_4_3","type":"int","value":0},"CAMERA_TYPE_FRONT":{"proxyName":"CAMERA_TYPE_FRONT","name":"CAMERA_TYPE_FRONT","type":"java.lang.String","value":"CAMERA_TYPE_FRONT"},"TORCH_MODE_ON":{"proxyName":"TORCH_MODE_ON","name":"TORCH_MODE_ON","type":"int","value":1}},"superProxyClassName":"KrollModule","isModule":true,"genClassName":"TicameraviewModuleBindingGen"}},"modules":{"ti.cameraview.TicameraviewModule":{"apiName":"ticameraview","createProxies":[{"propertyAccessors":["cameraId","torchMode","flashMode","aspectRatio","scaleType","focusMode","imageQuality","resumeAutoFocus","autoFocusResumeTime"],"fullAPIName":"ticameraview.CameraView","name":"CameraView","proxyClassName":"ti.cameraview.CameraViewProxy","isTopLevel":false,"id":"ti.cameraview.CameraViewProxy","creatableInModule":"ti.cameraview.TicameraviewModule","parentModule":"org.appcelerator.kroll.annotations.Kroll.DEFAULT"}]}}}